id;name;surname;phone;email;gender
1;Assistant;Market;721-764-2911 x28337;Einar.Moore12@yahoo.com;Principal Sahara
2;Kong deposit;indexing Ball;(576) 891-9174;Conrad.Stiedemann9@hotmail.com;Uzbekistan
3;Handcrafted;Steel;792.832.3858 x6077;Issac78@gmail.com;Kids
4;Peso;synthesize Lilangeni;917-568-6901;Shayne_Kozey@yahoo.com;Rhode Handcrafted
5;revolutionary white ;Island;615-382-7174 x608;Frida_Shields53@gmail.com;Handcrafted Architect
6;Liaison overriding;technologies;1-224-960-4948;Danielle.Wolff@hotmail.com;multi-tasking
7;Account;high-level compressi;(410) 327-1067 x2960;Clair_Wuckert@hotmail.com;SAS Personal Egypt
8;Mississippi Litas In;Licensed Man;(549) 902-8179 x5147;Alexane.Schultz@yahoo.com;Sausages user indexing
9;transmitter salmon E;up neural;337.857.5446;Cedrick_Fadel9@hotmail.com;invoice Investment
10;Afghani;XSS Curve deposit;510-806-9747 x624;Elfrieda_Jones@hotmail.com;e-tailers
